id;name;description;created_date;updated_date;active;hashed_secret_key
1;under what;whoever unto bus;2025-06-06T09:55:34;2025-06-05T23:11:32;true;phew the despite
2;spear give rundown;so wasteful throughout;2025-06-05T22:22:33;2025-06-06T06:22:53;false;times crackle
3;marathon;which which;2025-06-06T08:45:50;2025-06-05T22:19:17;false;and whoever sometimes
4;vivacious;concerning dicker versus;2025-06-05T19:06:16;2025-06-05T22:19:09;true;enthusiastically bah unless
5;hmph beautifully sermon;hmph;2025-06-06T11:24:37;2025-06-06T02:24:38;true;suspension
6;yet ice-cream;circa reorganisation drat;2025-06-06T13:45:24;2025-06-06T07:36:29;false;exterior
7;hmph besides;midst;2025-06-06T03:15:25;2025-06-06T14:18:24;true;up yum
8;among ravage;upside-down ack;2025-06-06T10:20:14;2025-06-06T14:38:27;false;forenenst neighboring
9;acquire before guilty;wobbly;2025-06-05T19:49:36;2025-06-05T22:37:19;false;finally but yippee
10;kooky;interestingly bolster;2025-06-05T22:12:33;2025-06-06T14:37:09;false;mealy irk
